{
  "camera_matrix": [
    [
      2287.370130916287,
      0.0,
      1239.033278484788
    ],
    [
      0.0,
      2291.8234279676726,
      988.6094072860096
    ],
    [
      0.0,
      0.0,
      1.0
    ]
  ],
  "distortion_coefficients": [
    [
      -0.05952615675905828,
      0.08985966437267495,
      -0.0006195452646656739,
      -0.001192047265016101,
      -0.0558613926810446
    ]
  ],
  "reprojection_error": 0.0887641732051932,
  "height": 2048,
  "width": 2448
}