{
  "camera_matrix": [
    [
      5039.801259939765,
      0.0,
      759.2145078858013
    ],
    [
      0.0,
      5074.7665362128255,
      -415.97791210452704
    ],
    [
      0.0,
      0.0,
      1.0
    ]
  ],
  "distortion_coefficients": [
    [
      -0.0023476461267298134,
      0.12953309827474613,
      -0.00812808558077036,
      -0.008628144650543087,
      -0.546301750754929
    ]
  ],
  "reprojection_error": 0.1676943484606605,
  "height": 2048,
  "width": 2448
}