{
  "zyx_angles": [
    0.22228900483634154,
    -0.542184253142448,
    -0.37501576244558266
  ],
  "translation": [
    3.6220190024146746,
    -90.13452343182976,
    -15.532197715937087
  ],
  "Rotation_matrix": [
    [
      0.9999477014996483,
      -0.0038794915887547018,
      -0.009462759142192823
    ],
    [
      0.003941517498363198,
      0.9999708138049552,
      0.006544920019812964
    ],
    [
      0.0094370919980929,
      -0.0065818753610527555,
      0.9999338079149795
    ]
  ]
}