{
  "K": [
    [
      2528.495099100693, 0.0, 2069.304795706129, 0
    ],
    [
      0.0, 2513.151816839161, 1502.1021383067393, 0
    ],
    [
      0.0, 0.0, 1.0, 0
    ]
  ],
  "resolution_distorted": [
    3000,
    4096
  ],
  "resolution_undistorted": [
    2814,
    3950
  ],
  "dist_coef": [
    [
      -0.13113210676031756, 0.07957858479947053, -0.00014213176371635422, -0.000618256552656702, -0.03083690480359875
    ]
  ]
}