{
  "A": 90.04603255271614,
  "B": 0.12834300898152226,
  "C": -152.121087367019,
  "z": 501.0160079522539,
  "y": -500.8633680045639,
  "x": 127.18776977586833,
  "tool": "flange"
}