{
  "A": 87.9259347298513,
  "B": -16.30017197025605,
  "C": -161.84315744513805,
  "z": 516.8515098263741,
  "y": -701.0263535076275,
  "x": 18.98680950537427,
  "tool": "flange"
}