{
  "A": 90.00193976690683,
  "B": -17.315730180440756,
  "C": -179.65298586200575,
  "z": 499.8656774416082,
  "y": -690.9650392132921,
  "x": -198.860790350878,
  "tool": "flange"
}