{
  "A": 90.00573073822996,
  "B": 0.0007140107727283653,
  "C": 164.04395614708335,
  "z": 500.0061797587448,
  "y": -499.98469557068455,
  "x": -299.60199941814994,
  "tool": "flange"
}