{
  "A": 90.00176555900806,
  "B": -0.006061558571757712,
  "C": 179.9935407059629,
  "z": 499.9272823843538,
  "y": -500.0003775861194,
  "x": -200.00644169335033,
  "tool": "flange"
}