{
	"class_name" : "PinholeCameraParameters",
	"extrinsic" : 
	[
		0.99995203457813298,
		-0.0020260300032379618,
		-0.0095824707397613226,
		0.0,
		0.0096795836668580101,
		0.055114220272171645,
		0.99843313666155287,
		0.0,
		-0.0014947250880004489,
		-0.9984780007222076,
		0.055131187822273324,
		0.0,
		25.080419808833966,
		-6.1793629422605916,
		145.64293005013147,
		1.0
	],
	"intrinsic" : 
	{
		"height" : 1080,
		"intrinsic_matrix" : 
		[
			935.30743608719376,
			0.0,
			0.0,
			0.0,
			935.30743608719376,
			0.0,
			959.5,
			539.5,
			1.0
		],
		"width" : 1920
	},
	"version_major" : 1,
	"version_minor" : 0
}