{
  "d04_motor_T_W2M": [
    [
      -0.5389004748814056,
      0.8423669774647493,
      0.002038001350145123,
      -157.7746801792258
    ],
    [
      -0.03098532571825226,
      -0.02224033668466737,
      0.9992723737871978,
      63.30755054610204
    ],
    [
      0.8417993750073312,
      0.5384452086341385,
      0.03808634317193433,
      -122.12807182387456
    ],
    [
      0.0,
      0.0,
      0.0,
      1.0
    ]
  ],
  "d02_servo_T_W2M": [
    [
      0.07531990613916292,
      -0.9971120187194548,
      0.009722852688265813,
      -47.21803439565059
    ],
    [
      -0.9969363884756779,
      -0.07509326387910042,
      0.021882391392797813,
      113.85975347008917
    ],
    [
      -0.021089074713516103,
      -0.011341245310521475,
      -0.9997132724349254,
      141.19594160827526
    ],
    [
      0.0,
      0.0,
      0.0,
      1.0
    ]
  ]
}