{
  "d02_servo_T_W2M": [
    [
      0.019953844210286023,
      -0.999779442300917,
      -0.006550637655898844,
      -46.840894401372566
    ],
    [
      -0.9996464913498438,
      -0.01983518785088092,
      -0.017704735379730926,
      113.88562483639626
    ],
    [
      0.017570897335584888,
      0.0069015994803749425,
      -0.9998217998680737,
      140.42910524029185
    ],
    [
      0.0,
      0.0,
      0.0,
      1.0
    ]
  ],
  "d03_main_T_W2M": [
    [
      0.6963868992346042,
      0.6365181348422412,
      -0.33149653179387617,
      17.209858535186385
    ],
    [
      0.04604497142580167,
      -0.500584798737415,
      -0.8644620985788904,
      106.46332847592296
    ],
    [
      -0.7161879272794334,
      0.5867363320009907,
      -0.3779091551275424,
      -123.92897155626731
    ],
    [
      0.0,
      0.0,
      0.0,
      1.0
    ]
  ],
  "d04_motor_T_W2M": [
    [
      -0.49902477492060904,
      0.8647013382154027,
      0.05714778826803418,
      -158.8869233827888
    ],
    [
      -0.03133367234610017,
      -0.08390686805390152,
      0.9959808424215267,
      64.91446521255054
    ],
    [
      0.8660210592085755,
      0.49522846564174555,
      0.06896587435376708,
      -121.692763635434
    ],
    [
      0.0,
      0.0,
      0.0,
      1.0
    ]
  ],
  "d05_axle_front_T_W2M": [
    [
      -0.8140466244309986,
      0.4741592011201593,
      0.3354119038519487,
      -270.8763633066044
    ],
    [
      0.5215635711963079,
      0.8508853130838026,
      0.0629732100121354,
      118.68340992705758
    ],
    [
      -0.2555377358697737,
      0.22620175943473836,
      -0.9399644831456015,
      -17.537651602126274
    ],
    [
      0.0,
      0.0,
      0.0,
      1.0
    ]
  ],
  "d06_battery_T_W2M": [
    [
      0.6322909707564447,
      -0.727277245470414,
      0.2669755354350658,
      212.765695741216
    ],
    [
      -0.008118192108907903,
      0.33836547970310654,
      0.940979753821606,
      66.36239955138278
    ],
    [
      -0.7746884685192852,
      -0.5971403606910637,
      0.2080412612367814,
      -102.61977866052462
    ],
    [
      0.0,
      0.0,
      0.0,
      1.0
    ]
  ],
  "d07_axle_rear_T_W2M": [
    [
      -0.25333631412120194,
      -0.2625721087758882,
      -0.9310620815179113,
      -292.2536985015124
    ],
    [
      -0.8390899667149305,
      0.5385982969994496,
      0.07641925299051723,
      55.8516443249386
    ],
    [
      0.48140288709751144,
      0.8006046228709118,
      -0.3567681293668263,
      142.75028474772213
    ],
    [
      0.0,
      0.0,
      0.0,
      1.0
    ]
  ],
  "d08_chassis_T_W2M": [
    [
      -0.986588004277683,
      -0.16313012158842657,
      -0.0057160516026516645,
      -12.659380071371881
    ],
    [
      0.024042057181792125,
      -0.1798610804924632,
      0.983398175313821,
      118.48691380846321
    ],
    [
      -0.161449959126184,
      0.9700714175536919,
      0.1813707681615888,
      11.167790278676158
    ],
    [
      0.0,
      0.0,
      0.0,
      1.0
    ]
  ]
}