{
  "generated_poses": [
    [
      108.09906636301193,
      -714.4949641685828,
      469.8463103929542,
      180.0,
      162.50475924300025,
      -9.846551939834082
    ],
    [
      45.50503583141719,
      -651.9009336369882,
      469.8463103929542,
      180.0,
      169.6858951843818,
      -17.22939656295889
    ],
    [
      -39.99999999999999,
      -628.9899283371657,
      469.8463103929542,
      180.0,
      0.0,
      -160.00000000000003
    ],
    [
      -125.50503583141713,
      -651.900933636988,
      469.8463103929542,
      180.0,
      -169.68589518438182,
      -17.229396562958897
    ],
    [
      -188.09906636301193,
      -714.4949641685828,
      469.8463103929542,
      180.0,
      -162.50475924300025,
      -9.846551939834079
    ],
    [
      238.33519961320968,
      -639.3030975783652,
      383.022221559489,
      180.0,
      143.99478518121347,
      -18.747237251037507
    ],
    [
      120.69690242163483,
      -521.6648003867904,
      383.022221559489,
      180.0,
      157.23952372538338,
      -33.82584497056971
    ],
    [
      -39.99999999999998,
      -478.6061951567304,
      383.022221559489,
      180.0,
      0.0,
      -140.00000000000003
    ],
    [
      -200.69690242163472,
      -521.6648003867904,
      383.022221559489,
      180.0,
      -157.2395237253834,
      -33.82584497056972
    ],
    [
      -318.3351996132097,
      -639.3030975783652,
      383.022221559489,
      180.0,
      -143.99478518121347,
      -18.747237251037504
    ],
    [
      335.0,
      -583.4936490538904,
      250.00000000000006,
      180.0,
      123.6900675259798,
      -25.658906273255276
    ],
    [
      176.5063509461097,
      -425.00000000000006,
      250.00000000000006,
      180.0,
      139.1066053508691,
      -48.59037789072913
    ],
    [
      -39.99999999999997,
      -366.9872981077807,
      250.00000000000006,
      180.0,
      0.0,
      -120.00000000000001
    ],
    [
      -256.5063509461096,
      -425.0,
      250.00000000000006,
      180.0,
      -139.1066053508691,
      -48.59037789072914
    ],
    [
      -415.0,
      -583.4936490538904,
      250.00000000000006,
      180.0,
      -123.6900675259798,
      -25.658906273255266
    ]
  ],
  "000": {
    "W2C": [
      [
        0.9537221779917802,
        0.00019974710878360472,
        -0.30068915395755114,
        41.86789020230789
      ],
      [
        0.05165022363963869,
        -0.9852452056155733,
        0.16316905101612164,
        -784.6629445509512
      ],
      [
        -0.29621995477109686,
        -0.1711486047638687,
        -0.9396605203384839,
        277.43005675419926
      ],
      [
        0.0,
        0.0,
        0.0,
        1.0
      ]
    ],
    "RX": 82.778,
    "RY": -725.612,
    "RZ": 401.312,
    "RA": 0.012,
    "RB": 17.499,
    "RC": 170.149
  },
  "reached_poses": [
    0,
    1,
    3,
    4,
    5,
    6,
    8,
    9,
    10,
    14
  ],
  "001": {
    "W2C": [
      [
        0.983853815924788,
        1.7171488447947642e-05,
        -0.17897393272589482,
        42.957439882398404
      ],
      [
        0.05303618187519746,
        -0.9551121331001277,
        0.29145836172088996,
        -760.4621022811692
      ],
      [
        -0.1709351698812568,
        -0.29624451540925467,
        -0.9396916274968091,
        182.36056866783082
      ],
      [
        0.0,
        0.0,
        0.0,
        1.0
      ]
    ],
    "RX": 29.24,
    "RY": -672.304,
    "RZ": 400.694,
    "RA": 0.001,
    "RB": 10.31,
    "RC": 162.768
  },
  "003": {
    "W2C": [
      [
        0.9838225640959879,
        -1.7170943000602535e-05,
        0.17914564488358198,
        42.9429406196966
      ],
      [
        -0.05306017329755094,
        -0.9551586544090072,
        0.2913014983092409,
        -764.6510406631267
      ],
      [
        0.17110751118881257,
        -0.2960944859546249,
        -0.9397075475923542,
        196.07701080374179
      ],
      [
        0.0,
        0.0,
        0.0,
        1.0
      ]
    ],
    "RX": -116.371,
    "RY": -672.305,
    "RZ": 399.306,
    "RA": 359.999,
    "RB": 349.68,
    "RC": 162.777
  },
  "004": {
    "W2C": [
      [
        0.9537011974044629,
        -0.00011651658240431116,
        0.30075573559481705,
        41.64946967906079
      ],
      [
        -0.0515290923943481,
        -0.985276575550107,
        0.16301785886604309,
        -788.7256488429412
      ],
      [
        0.29630858696012885,
        -0.17096799728645257,
        -0.9396654538704458,
        301.19118375333346
      ],
      [
        0.0,
        0.0,
        0.0,
        1.0
      ]
    ],
    "RX": -169.609,
    "RY": -725.614,
    "RZ": 399.069,
    "RA": 359.993,
    "RB": 342.497,
    "RC": 170.158
  },
  "005": {
    "W2C": [
      [
        0.8089041283632481,
        8.470824254709851e-05,
        -0.5879405615718374,
        35.99639856045538
      ],
      [
        0.18903787860335375,
        -0.9469383859663554,
        0.25994686694895414,
        -748.4713008979564
      ],
      [
        -0.5567214667767334,
        -0.3214151303345056,
        -0.7659983827802871,
        146.78293071334136
      ],
      [
        0.0,
        0.0,
        0.0,
        1.0
      ]
    ],
    "RX": 194.089,
    "RY": -661.581,
    "RZ": 328.162,
    "RA": 0.006,
    "RB": 36.011,
    "RC": 161.255
  },
  "006": {
    "W2C": [
      [
        0.9221469670831588,
        3.218900153883485e-05,
        -0.3868397214134035,
        40.46890023431779
      ],
      [
        0.2153945228553838,
        -0.8306855614937927,
        0.5133874730158926,
        -654.4633819311754
      ],
      [
        -0.32132564576023653,
        -0.5567418583954421,
        -0.7660211044658994,
        -32.100003224814635
      ],
      [
        0.0,
        0.0,
        0.0,
        1.0
      ]
    ],
    "RX": 93.335,
    "RY": -561.526,
    "RZ": 327.059,
    "RA": 0.002,
    "RB": 22.758,
    "RC": 146.17
  },
  "008": {
    "W2C": [
      [
        0.9220524104606844,
        -0.00011264995363009543,
        0.38706503287384336,
        40.37468917980016
      ],
      [
        -0.21553634144383324,
        -0.8307639083181562,
        0.513201143951326,
        -671.6349965778451
      ],
      [
        0.32150184739850074,
        -0.5566249329179659,
        -0.7660321443473642,
        -6.312030379565633
      ],
      [
        0.0,
        0.0,
        0.0,
        1.0
      ]
    ],
    "RX": -179.96,
    "RY": -561.479,
    "RZ": 324.221,
    "RA": 359.993,
    "RB": 337.228,
    "RC": 146.18
  },
  "009": {
    "W2C": [
      [
        0.8089554223029192,
        -0.00015530829374034888,
        0.5878699691309632,
        35.92669804837915
      ],
      [
        -0.18901039145481655,
        -0.9469723737664479,
        0.2598430203896881,
        -763.5460036379046
      ],
      [
        0.5566562643578197,
        -0.3213149532817805,
        -0.7660877914108306,
        191.3959845397116
      ],
      [
        0.0,
        0.0,
        0.0,
        1.0
      ]
    ],
    "RX": -279.923,
    "RY": -661.553,
    "RZ": 323.908,
    "RA": 359.989,
    "RB": 323.994,
    "RC": 161.264
  },
  "010": {
    "W2C": [
      [
        0.5546120790469999,
        3.871922746572201e-05,
        -0.8321090314832459,
        25.828903409777364
      ],
      [
        0.3603386632108235,
        -0.9013846276710719,
        0.24012871713670575,
        -705.1835172758942
      ],
      [
        -0.7500409919268421,
        -0.43301934310040324,
        -0.4999327544083246,
        49.70813100537182
      ],
      [
        0.0,
        0.0,
        0.0,
        1.0
      ]
    ],
    "RX": 277.063,
    "RY": -614.118,
    "RZ": 215.678,
    "RA": 0.004,
    "RB": 56.316,
    "RC": 154.344
  },