{
  "0.jpg": {
    "K": [
      [
        2282.2293857381965,
        0.0,
        1233.565367261136
      ],
      [
        0.0,
        2288.5382706724076,
        985.5358435981609
      ],
      [
        0.0,
        0.0,
        1.0
      ]
    ],
    "img_size": [
      2448,
      2048
    ],
    "W2C": [
      [
        -8.507957512370925e-05,
        -0.9749401129892241,
        -0.22246745570088425,
        3.3677971163972864
      ],
      [
        0.9254156281440135,
        0.08422810552660576,
        -0.3694746830653215,
        -1.0477053559624872
      ],
      [
        0.37895370158937186,
        -0.20590629500808846,
        0.9022176509732867,
        299.57973484544954
      ],
      [
        0.0,
        0.0,
        0.0,
        1.0
      ]
    ]
  }
}