{
  "camera_matrix": [
    [
      2274.8715831256673,
      0.0,
      1239.5680105761637
    ],
    [
      0.0,
      2278.7765159620053,
      995.6585592233936
    ],
    [
      0.0,
      0.0,
      1.0
    ]
  ],
  "dist_coeff": {
    "k1": -0.07148922168160758,
    "k2": 0.13499698287379183,
    "p1": 0.0013005969165986392,
    "p2": 0.00025317676462604643,
    "k3": -0.22500656410262662
  },
  "img_size": [
    2448,
    2048
  ]
}