{
  "camera_matrix":
   [[2.30090784e+03, 0.00000000e+00, 1.21819207e+03 ],
   [0.00000000e+00, 2.29285500e+03, 9.91465866e+02 ],
   [0.00000000e+00, 0.00000000e+00, 1.00000000e+00 ]],
  "dist_coeff" : {
                "k1": -0.03214205,
                "k2": -0.17672478,
                "p1": 0.00181945,
                "p2": -0.00413327,
                "extra": 0.70466039}

}