{
  "camera_matrix": [
    [
      2284.1930174276913,
      0.0,
      1240.9841718279845
    ],
    [
      0.0,
      2290.6452749906466,
      991.0143784551314
    ],
    [
      0.0,
      0.0,
      1.0
    ]
  ],
  "distortion_coefficients": [
    [
      -0.05488170091475803,
      0.05404599709705145,
      0.0005248664001609038,
      -0.0011546849712864757,
      0.004864683745407868
    ]
  ],
  "reprojection_error": 0.06449788738455538,
  "height": 2048,
  "width": 2448
}