{
  "camera_matrix": [
    [
      2309.733885478077,
      0.0,
      1246.6777869008083
    ],
    [
      0.0,
      2299.8290273325306,
      991.170772128832
    ],
    [
      0.0,
      0.0,
      1.0
    ]
  ],
  "distortion_coefficients": [
    [
      -0.08181792450880568,
      0.17539777318978605,
      0.0017093239525332485,
      -0.00011957052112970243,
      -0.18671650971640477
    ]
  ],
  "reprojection_error": 0.08360483500771913,
  "height": 2048,
  "width": 2448
}