{
  "camera_matrix": [
    [
      2285.387888157957,
      0.0,
      1240.6761475991002
    ],
    [
      0.0,
      2284.3096062200784,
      987.2620518388526
    ],
    [
      0.0,
      0.0,
      1.0
    ]
  ],
  "distortion_coefficients": [
    [
      -0.04863099795265826,
      0.013958728086769654,
      -0.0018437854997381243,
      -9.34763545616962e-05,
      0.09056957551890862
    ]
  ],
  "reprojection_error": 0.14794101047451605,
  "height": 2048,
  "width": 2448
}