{
  "camera_matrix": [
    [
      2297.3943468931125,
      0.0,
      1242.1698520558741
    ],
    [
      0.0,
      2291.9161815399557,
      988.1926005333526
    ],
    [
      0.0,
      0.0,
      1.0
    ]
  ],
  "distortion_coefficients": [
    [
      -0.05331310550551244,
      -0.001874091670231937,
      -0.0011266313716440301,
      -0.00014140106297730573,
      0.1409745385455109
    ]
  ],
  "reprojection_error": 0.1494790461634729,
  "height": 2048,
  "width": 2448
}