{
  "R_C2F": [
    [
      0.9999520705966876,
      0.006635648467848557,
      -0.007198935949714781
    ],
    [
      -0.006700901760042967,
      0.9999363385903239,
      -0.009078363408631766
    ],
    [
      0.007138236827060995,
      0.009126167650666418,
      0.9999328770667621
    ]
  ],
  "t_C2F": [
    [
      -2.722248535061806
    ],
    [
      -89.23737485576284
    ],
    [
      61.53837612501942
    ]
  ],
  "angles": [
    -0.38394604522122755,
    -0.40899431675063075,
    0.5229114709803317
  ]
}