{
  "zyx_angles": [
    0.45479412757838633,
    -0.8090880725702911,
    -0.5027631332617288
  ],
  "translation": [
    6.570145950404226,
    -91.7642682003743,
    -13.340081274755768
  ],
  "Rotation_matrix": [
    [
      0.999868796918031,
      -0.007936780190111676,
      -0.014120781490524249
    ],
    [
      0.008061168560373972,
      0.9999290157362598,
      0.008773884553365799
    ],
    [
      0.014050142744133229,
      -0.00888656339247088,
      0.9998618016905841
    ]
  ]
}